I,H,I,H,I,H,I,H,I,H,I,H,I,H,I,H,I,H,I,H,I,H,I,H,I,H,I,H,I,H,I,H
,F000,,F001,,F002,,F003,,F004,,F005,,F006,,F007,,F008,,F009,,F00A,,F00B,,F00C,,F00D,,F00E,,F00F
,F010,,F011,,F012,,F013,,F014,,F015,,F016,,F017,,F018,,F019,,F01A,,F01B,,F01C,,F01D,,F01E,,F01F
,F020,,F021,,F022,,F023,,F024,,F025,,F026,,F027,,F028,,F029,,F02A,,F02B,,F02C,,F02D,,F02E,,F02F
,F030,,F031,,F032,,F033,,F034,,F035,,F036,,F037,,F038,,F039,,F03A,,F03B,,F03C,,F03D,,F03E,,F03F
,F040,,F041,,F042,,F043,,F044,,F045,,F046,,F047,,F048,,F049,,F04A,,F04B,,F04C,,F04D,,F04E,,F04F
,F050,,F051,,F052,,F053,,F054,,F055,,F056,,F057,,F058,,F059,,F05A,,F05B,,F05C,,F05D,,F05E,,F05F
,F060,,F061,,F062,,F063,,F064,,F065,,F066,,F067,,F068,,F069,,F06A,,F06B,,F06C,,F06D,,F06E,,F06F
,F070,,F071,,F072,,F073,,F074,,F075,,F076,,F077,,F078,,F079,,F07A,,F07B,,F07C,,F07D,,F07E,,F07F
,F080,,F081,,F082,,F083,,F084,,F085,,F086,,F087,,F088,,F089,,F08A,,F08B,,F08C,,F08D,,F08E,,F08F
,F090,,F091,,F092,,F093,,F094,,F095,,F096,,F097,,F098,,F099,,F09A,,F09B,,F09C,,F09D,,F09E,,F09F
,F0A0,,F0A1,,F0A2,,F0A3,,F0A4,,F0A5,,F0A6,,F0A7,,F0A8,,F0A9,,F0AA,,F0AB,,F0AC,,F0AD,,F0AE,,F0AF
,F0B0,,F0B1,,F0B2,,F0B3,,F0B4,,F0B5,,F0B6,,F0B7,,F0B8,,F0B9,,F0BA,,F0BB,,F0BC,,F0BD,,F0BE,,F0BF
,F0C0,,F0C1,,F0C2,,F0C3,,F0C4,,F0C5,,F0C6,,F0C7,,F0C8,,F0C9,,F0CA,,F0CB,,F0CC,,F0CD,,F0CE,,F0CF
,F0D0,,F0D1,,F0D2,,F0D3,,F0D4,,F0D5,,F0D6,,F0D7,,F0D8,,F0D9,,F0DA,,F0DB,,F0DC,,F0DD,,F0DE,,F0DF
,F0E0,,F0E1,,F0E2,,F0E3,,F0E4,,F0E5,,F0E6,,F0E7,,F0E8,,F0E9,,F0EA,,F0EB,,F0EC,,F0ED,,F0EE,,F0EF
,F0F0,,F0F1,,F0F2,,F0F3,,F0F4,,F0F5,,F0F6,,F0F7,,F0F8,,F0F9,,F0FA,,F0FB,,F0FC,,F0FD,,F0FE,,F0FF
,F100,,F101,,F102,,F103,,F104,,F105,,F106,,F107,,F108,,F109,,F10A,,F10B,,F10C,,F10D,,F10E,,F10F
,F110,,F111,,F112,,F113,,F114,,F115,,F116,,F117,,F118,,F119,,F11A,,F11B,,F11C,,F11D,,F11E,,F11F
,F120,,F121,,F122,,F123,,F124,,F125,,F126,,F127,,F128,,F129,,F12A,,F12B,,F12C,,F12D,,F12E,,F12F
,F130,,F131,,F132,,F133,,F134,,F135,,F136,,F137,,F138,,F139,,F13A,,F13B,,F13C,,F13D,,F13E,,F13F
,F140,,F141,,F142,,F143,,F144,,F145,,F146,,F147,,F148,,F149,,F14A,,F14B,,F14C,,F14D,,F14E,,F14F
,F150,,F151,,F152,,F153,,F154,,F155,,F156,,F157,,F158,,F159,,F15A,,F15B,,F15C,,F15D,,F15E,,F15F
,F160,,F161,,F162,,F163,,F164,,F165,,F166,,F167,,F168,,F169,,F16A,,F16B,,F16C,,F16D,,F16E,,F16F
,F170,,F171,,F172,,F173,,F174,,F175,,F176,,F177,,F178,,F179,,F17A,,F17B,,F17C,,F17D,,F17E,,F17F
,F180,,F181,,F182,,F183,,F184,,F185,,F186,,F187,,F188,,F189,,F18A,,F18B,,F18C,,F18D,,F18E,,F18F
,F190,,F191,,F192,,F193,,F194,,F195,,F196,,F197,,F198,,F199,,F19A,,F19B,,F19C,,F19D,,F19E,,F19F
,F1A0,,F1A1,,F1A2,,F1A3,,F1A4,,F1A5,,F1A6,,F1A7,,F1A8,,F1A9,,F1AA,,F1AB,,F1AC,,F1AD,,F1AE,,F1AF
,F1B0,,F1B1,,F1B2,,F1B3,,F1B4,,F1B5,,F1B6,,F1B7,,F1B8,,F1B9,,F1BA,,F1BB,,F1BC,,F1BD,,F1BE,,F1BF
,F1C0,,F1C1,,F1C2,,F1C3,,F1C4,,F1C5,,F1C6,,F1C7,,F1C8,,F1C9,,F1CA,,F1CB,,F1CC,,F1CD,,F1CE,,F1CF
,F1D0,,F1D1,,F1D2,,F1D3,,F1D4,,F1D5,,F1D6,,F1D7,,F1D8,,F1D9,,F1DA,,F1DB,,F1DC,,F1DD,,F1DE,,F1DF
,F1E0,,F1E1,,F1E2,,F1E3,,F1E4,,F1E5,,F1E6,,F1E7,,F1E8,,F1E9,,F1EA,,F1EB,,F1EC,,F1ED,,F1EE,,F1EF
,F1F0,,F1F1,,F1F2,,F1F3,,F1F4,,F1F5,,F1F6,,F1F7,,F1F8,,F1F9,,F1FA,,F1FB,,F1FC,,F1FD,,F1FE,,F1FF
,F200,,F201,,F202,,F203,,F204,,F205,,F206,,F207,,F208,,F209,,F20A,,F20B,,F20C,,F20D,,F20E,,F20F
,F210,,F211,,F212,,F213,,F214,,F215,,F216,,F217,,F218,,F219,,F21A,,F21B,,F21C,,F21D,,F21E,,F21F
,F220,,F221,,F222,,F223,,F224,,F225,,F226,,F227,,F228,,F229,,F22A,,F22B,,F22C,,F22D,,F22E,,F22F
,F230,,F231,,F232,,F233,,F234,,F235,,F236,,F237,,F238,,F239,,F23A,,F23B,,F23C,,F23D,,F23E,,F23F
,F240,,F241,,F242,,F243,,F244,,F245,,F246,,F247,,F248,,F249,,F24A,,F24B,,F24C,,F24D,,F24E,,F24F
,F250,,F251,,F252,,F253,,F254,,F255,,F256,,F257,,F258,,F259,,F25A,,F25B,,F25C,,F25D,,F25E,,F25F
,F260,,F261,,F262,,F263,,F264,,F265,,F266,,F267,,F268,,F269,,F26A,,F26B,,F26C,,F26D,,F26E,,F26F
,F270,,F271,,F272,,F273,,F274,,F275,,F276,,F277,,F278,,F279,,F27A,,F27B,,F27C,,F27D,,F27E,,F27F
,F280,,F281,,F282,,F283,,F284,,F285,,F286,,F287,,F288,,F289,,F28A,,F28B,,F28C,,F28D,,F28E,,F28F
,F290,,F291,,F292,,F293,,F294,,F295,,F296,,F297,,F298,,F299,,F29A,,F29B,,F29C,,F29D,,F29E,,F29F
,F2A0,,F2A1,,F2A2,,F2A3,,F2A4,,F2A5,,F2A6,,F2A7,,F2A8,,F2A9,,F2AA,,F2AB,,F2AC,,F2AD,,F2AE,,F2AF
,F2B0,,F2B1,,F2B2,,F2B3,,F2B4,,F2B5,,F2B6,,F2B7,,F2B8,,F2B9,,F2BA,,F2BB,,F2BC,,F2BD,,F2BE,,F2BF
,F2C0,,F2C1,,F2C2,,F2C3,,F2C4,,F2C5,,F2C6,,F2C7,,F2C8,,F2C9,,F2CA,,F2CB,,F2CC,,F2CD,,F2CE,,F2CF
,F2D0,,F2D1,,F2D2,,F2D3,,F2D4,,F2D5,,F2D6,,F2D7,,F2D8,,F2D9,,F2DA,,F2DB,,F2DC,,F2DD,,F2DE,,F2DF
,F2E0,,F2E1,,F2E2,,F2E3,,F2E4,,F2E5,,F2E6,,F2E7,,F2E8,,F2E9,,F2EA,,F2EB,,F2EC,,F2ED,,F2EE,,F2EF
,F2F0,,F2F1,,F2F2,,F2F3,,F2F4,,F2F5,,F2F6,,F2F7,,F2F8,,F2F9,,F2FA,,F2FB,,F2FC,,F2FD,,F2FE,,F2FF
,F300,,F301,,F302,,F303,,F304,,F305,,F306,,F307,,F308,,F309,,F30A,,F30B,,F30C,,F30D,,F30E,,F30F
,F310,,F311,,F312,,F313,,F314,,F315,,F316,,F317,,F318,,F319,,F31A,,F31B,,F31C,,F31D,,F31E,,F31F
,F400,,F401,,F402,,F403,,F404,,F405,,F406,,F407,,F408,,F409,,F40A,,F40B,,F40C,,F40D,,F40E,,F40F
,F410,,F411,,F412,,F413,,F414,,F415,,F416,,F417,,F418,,F419,,F41A,,F41B,,F41C,,F41D,,F41E,,F41F
,F420,,F421,,F422,,F423,,F424,,F425,,F426,,F427,,F428,,F429,,F42A,,F42B,,F42C,,F42D,,F42E,,F42F
,F430,,F431,,F432,,F433,,F434,,F435,,F436,,F437,,F438,,F439,,F43A,,F43B,,F43C,,F43D,,F43E,,F43F
,F440,,F441,,F442,,F443,,F444,,F445,,F446,,F447,,F448,,F449,,F44A,,F44B,,F44C,,F44D,,F44E,,F44F
,F450,,F451,,F452,,F453,,F454,,F455,,F456,,F457,,F458,,F459,,F45A,,F45B,,F45C,,F45D,,F45E,,F45F
,F460,,F461,,F462,,F463,,F464,,F465,,F466,,F467,,F468,,F469,,F46A,,F46B,,F46C,,F46D,,F46E,,F46F
,F470,,F471,,F472,,F473,,F474,,F475,,F476,,F477,,F478,,F479,,F47A,,F47B,,F47C,,F47D,,F47E,,F47F
,F480,,F481,,F482,,F483,,F484,,F485,,F486,,F487,,F488,,F489,,F48A,,F48B,,F48C,,F48D,,F48E,,F48F
,F490,,F491,,F492,,F493,,F494,,F495,,F496,,F497,,F498,,F499,,F49A,,F49B,,F49C,,F49D,,F49E,,F49F
,F4A0,,F4A1,,F4A2,,F4A3,,F4A4,,F4A5,,F4A6,,F4A7,,F4A8,,F4A9,,F4AA,,F4AB,,F4AC,,F4AD,,F4AE,,F4AF
,F500,,F501,,F502,,F503,,F504,,F505,,F506,,F507,,F508,,F509,,F50A,,F50B,,F50C,,F50D,,F50E,,F50F
,F510,,F511,,F512,,F513,,F514,,F515,,F516,,F517,,F518,,F519,,F51A,,F51B,,F51C,,F51D,,F51E,,F51F
,F520,,F521,,F522,,F523,,F524,,F525,,F526,,F527,,F528,,F529,,F52A,,F52B,,F52C,,F52D,,F52E,,F52F
,F530,,F531,,F532,,F533,,F534,,F535,,F536,,F537,,F538,,F539,,F53A,,F53B,,F53C,,F53D,,F53E,,F53F
,F540,,F541,,F542,,F543,,F544,,F545,,F546,,F547,,F548,,F549,,F54A,,F54B,,F54C,,F54D,,F54E,,F54F
,F550,,F551,,F552,,F553,,F554,,F555,,F556,,F557,,F558,,F559,,F55A,,F55B,,F55C,,F55D,,F55E,,F55F
,F560,,F561,,F562,,F563,,F564,,F565,,F566,,F567,,F568,,F569,,F56A,,F56B,,F56C,,F56D,,F56E,,F56F
,F570,,F571,,F572,,F573,,F574,,F575,,F576,,F577,,F578,,F579,,F57A,,F57B,,F57C,,F57D,,F57E,,F57F
,F580,,F581,,F582,,F583,,F584,,F585,,F586,,F587,,F588,,F589,,F58A,,F58B,,F58C,,F58D,,F58E,,F58F
,F590,,F591,,F592,,F593,,F594,,F595,,F596,,F597,,F598,,F599,,F59A,,F59B,,F59C,,F59D,,F59E,,F59F
,F5A0,,F5A1,,F5A2,,F5A3,,F5A4,,F5A5,,F5A6,,F5A7,,F5A8,,F5A9,,F5AA,,F5AB,,F5AC,,F5AD,,F5AE,,F5AF
,F5B0,,F5B1,,F5B2,,F5B3,,F5B4,,F5B5,,F5B6,,F5B7,,F5B8,,F5B9,,F5BA,,F5BB,,F5BC,,F5BD,,F5BE,,F5BF
,F5C0,,F5C1,,F5C2,,F5C3,,F5C4,,F5C5,,F5C6,,F5C7,,F5C8,,F5C9,,F5CA,,F5CB,,F5CC,,F5CD,,F5CE,,F5CF
,F5D0,,F5D1,,F5D2,,F5D3,,F5D4,,F5D5,,F5D6,,F5D7,,F5D8,,F5D9,,F5DA,,F5DB,,F5DC,,F5DD,,F5DE,,F5DF
,F5E0,,F5E1,,F5E2,,F5E3,,F5E4,,F5E5,,F5E6,,F5E7,,F5E8,,F5E9,,F5EA,,F5EB,,F5EC,,F5ED,,F5EE,,F5EF
,F5F0,,F5F1,,F5F2,,F5F3,,F5F4,,F5F5,,F5F6,,F5F7,,F5F8,,F5F9,,F5FA,,F5FB,,F5FC,,F5FD,,F5FE,,F5FF
,F600,,F601,,F602,,F603,,F604,,F605,,F606,,F607,,F608,,F609,,F60A,,F60B,,F60C,,F60D,,F60E,,F60F
,F610,,F611,,F612,,F613,,F614,,F615,,F616,,F617,,F618,,F619,,F61A,,F61B,,F61C,,F61D,,F61E,,F61F
,F620,,F621,,F622,,F623,,F624,,F625,,F626,,F627,,F628,,F629,,F62A,,F62B,,F62C,,F62D,,F62E,,F62F
,F630,,F631,,F632,,F633,,F634,,F635,,F636,,F637,,F638,,F639,,F63A,,F63B,,F63C,,F63D,,F63E,,F63F
,F640,,F641,,F642,,F643,,F644,,F645,,F646,,F647,,F648,,F649,,F64A,,F64B,,F64C,,F64D,,F64E,,F64F
,F650,,F651,,F652,,F653,,F654,,F655,,F656,,F657,,F658,,F659,,F65A,,F65B,,F65C,,F65D,,F65E,,F65F
,F660,,F661,,F662,,F663,,F664,,F665,,F666,,F667,,F668,,F669,,F66A,,F66B,,F66C,,F66D,,F66E,,F66F
,F670,,F671,,F672,,F673,,F674,,F675,,F676,,F677,,F678,,F679,,F67A,,F67B,,F67C,,F67D,,F67E,,F67F
,F680,,F681,,F682,,F683,,F684,,F685,,F686,,F687,,F688,,F689,,F68A,,F68B,,F68C,,F68D,,F68E,,F68F
,F690,,F691,,F692,,F693,,F694,,F695,,F696,,F697,,F698,,F699,,F69A,,F69B,,F69C,,F69D,,F69E,,F69F
,F6A0,,F6A1,,F6A2,,F6A3,,F6A4,,F6A5,,F6A6,,F6A7,,F6A8,,F6A9,,F6AA,,F6AB,,F6AC,,F6AD,,F6AE,,F6AF
,F6B0,,F6B1,,F6B2,,F6B3,,F6B4,,F6B5,,F6B6,,F6B7,,F6B8,,F6B9,,F6BA,,F6BB,,F6BC,,F6BD,,F6BE,,F6BF
,F6C0,,F6C1,,F6C2,,F6C3,,F6C4,,F6C5,,F6C6,,F6C7,,F6C8,,F6C9,,F6CA,,F6CB,,F6CC,,F6CD,,F6CE,,F6CF
,F6D0,,F6D1,,F6D2,,F6D3,,F6D4,,F6D5,,F6D6,,F6D7,,F6D8,,F6D9,,F6DA,,F6DB,,F6DC,,F6DD,,F6DE,,F6DF
,F6E0,,F6E1,,F6E2,,F6E3,,F6E4,,F6E5,,F6E6,,F6E7,,F6E8,,F6E9,,F6EA,,F6EB,,F6EC,,F6ED,,F6EE,,F6EF
,F6F0,,F6F1,,F6F2,,F6F3,,F6F4,,F6F5,,F6F6,,F6F7,,F6F8,,F6F9,,F6FA,,F6FB,,F6FC,,F6FD,,F6FE,,F6FF
,F700,,F701,,F702,,F703,,F704,,F705,,F706,,F707,,F708,,F709,,F70A,,F70B,,F70C,,F70D,,F70E,,F70F
,F710,,F711,,F712,,F713,,F714,,F715,,F716,,F717,,F718,,F719,,F71A,,F71B,,F71C,,F71D,,F71E,,F71F
,F720,,F721,,F722,,F723,,F724,,F725,,F726,,F727,,F728,,F729,,F72A,,F72B,,F72C,,F72D,,F72E,,F72F
,F730,,F731,,F732,,F733,,F734,,F735,,F736,,F737,,F738,,F739,,F73A,,F73B,,F73C,,F73D,,F73E,,F73F
,F740,,F741,,F742,,F743,,F744,,F745,,F746,,F747,,F748,,F749,,F74A,,F74B,,F74C,,F74D,,F74E,,F74F
,F750,,F751,,F752,,F753,,F754,,F755,,F756,,F757,,F758,,F759,,F75A,,F75B,,F75C,,F75D,,F75E,,F75F
,F760,,F761,,F762,,F763,,F764,,F765,,F766,,F767,,F768,,F769,,F76A,,F76B,,F76C,,F76D,,F76E,,F76F
,F770,,F771,,F772,,F773,,F774,,F775,,F776,,F777,,F778,,F779,,F77A,,F77B,,F77C,,F77D,,F77E,,F77F
,F780,,F781,,F782,,F783,,F784,,F785,,F786,,F787,,F788,,F789,,F78A,,F78B,,F78C,,F78D,,F78E,,F78F
,F790,,F791,,F792,,F793,,F794,,F795,,F796,,F797,,F798,,F799,,F79A,,F79B,,F79C,,F79D,,F79E,,F79F
,F7A0,,F7A1,,F7A2,,F7A3,,F7A4,,F7A5,,F7A6,,F7A7,,F7A8,,F7A9,,F7AA,,F7AB,,F7AC,,F7AD,,F7AE,,F7AF
,F7B0,,F7B1,,F7B2,,F7B3,,F7B4,,F7B5,,F7B6,,F7B7,,F7B8,,F7B9,,F7BA,,F7BB,,F7BC,,F7BD,,F7BE,,F7BF
,F7C0,,F7C1,,F7C2,,F7C3,,F7C4,,F7C5,,F7C6,,F7C7,,F7C8,,F7C9,,F7CA,,F7CB,,F7CC,,F7CD,,F7CE,,F7CF
,F7D0,,F7D1,,F7D2,,F7D3,,F7D4,,F7D5,,F7D6,,F7D7,,F7D8,,F7D9,,F7DA,,F7DB,,F7DC,,F7DD,,F7DE,,F7DF
,F7E0,,F7E1,,F7E2,,F7E3,,F7E4,,F7E5,,F7E6,,F7E7,,F7E8,,F7E9,,F7EA,,F7EB,,F7EC,,F7ED,,F7EE,,F7EF
,F7F0,,F7F1,,F7F2,,F7F3,,F7F4,,F7F5,,F7F6,,F7F7,,F7F8,,F7F9,,F7FA,,F7FB,,F7FC,,F7FD,,F7FE,,F7FF
,F800,,F801,,F802,,F803,,F804,,F805,,F806,,F807,,F808,,F809,,F80A,,F80B,,F80C,,F80D,,F80E,,F80F
,F810,,F811,,F812,,F813,,F814,,F815,,F816,,F817,,F818,,F819,,F81A,,F81B,,F81C,,F81D,,F81E,,F81F
,F820,,F821,,F822,,F823,,F824,,F825,,F826,,F827,,F828,,F829,,F82A,,F82B,,F82C,,F82D,,F82E,,F82F
,F830,,F831,,F832,,F833,,F834,,F835,,F836,,F837,,F838,,F839,,F83A,,F83B,,F83C,,F83D,,F83E,,F83F
,F840,,F841,,F842,,F843,,F844,,F845,,F846,,F847,,F848,,F849,,F84A,,F84B,,F84C,,F84D,,F84E,,F84F
,F850,,F851,,F852,,F853,,F854,,F855,,F856,,F857,,F858,,F859,,F85A,,F85B,,F85C,,F85D,,F85E,,F85F
,F860,,F861,,F862,,F863,,F864,,F865,,F866,,F867,,F868,,F869,,F86A,,F86B,,F86C,,F86D,,F86E,,F86F
,F870,,F871,,F872,,F873,,F874,,F875,,F876,,F877,,F878,,F879,,F87A,,F87B,,F87C,,F87D,,F87E,,F87F
,F880,,F881,,F882,,F883,,F884,,F885,,F886,,F887,,F888,,F889,,F88A,,F88B,,F88C,,F88D,,F88E,,F88F
,F890,,F891,,F892,,F893,,F894,,F895,,F896,,F897,,F898,,F899,,F89A,,F89B,,F89C,,F89D,,F89E,,F89F
,F8A0,,F8A1,,F8A2,,F8A3,,F8A4,,F8A5,,F8A6,,F8A7,,F8A8,,F8A9,,F8AA,,F8AB,,F8AC,,F8AD,,F8AE,,F8AF
,F8B0,,F8B1,,F8B2,,F8B3,,F8B4,,F8B5,,F8B6,,F8B7,,F8B8,,F8B9,,F8BA,,F8BB,,F8BC,,F8BD,,F8BE,,F8BF
,F8C0,,F8C1,,F8C2,,F8C3,,F8C4,,F8C5,,F8C6,,F8C7,,F8C8,,F8C9,,F8CA,,F8CB,,F8CC,,F8CD,,F8CE,,F8CF
,F8D0,,F8D1,,F8D2,,F8D3,,F8D4,,F8D5,,F8D6,,F8D7,,F8D8,,F8D9,,F8DA,,F8DB,,F8DC,,F8DD,,F8DE,,F8DF
,F8E0,,F8E1,,F8E2,,F8E3,,F8E4,,F8E5,,F8E6,,F8E7,,F8E8,,F8E9,,F8EA,,F8EB,,F8EC,,F8ED,,F8EE,,F8EF
,F8F0,,F8F1,,F8F2,,F8F3,,F8F4,,F8F5,,F8F6,,F8F7,,F8F8,,F8F9,,F8FA,,F8FB,,F8FC,,F8FD,,F8FE,,F8FF
豈,F900,更,F901,車,F902,賈,F903,滑,F904,串,F905,句,F906,龜,F907,龜,F908,契,F909,金,F90A,喇,F90B,奈,F90C,懶,F90D,癩,F90E,羅,F90F
蘿,F910,螺,F911,裸,F912,邏,F913,樂,F914,洛,F915,烙,F916,珞,F917,落,F918,酪,F919,駱,F91A,亂,F91B,卵,F91C,欄,F91D,爛,F91E,蘭,F91F
鸞,F920,嵐,F921,濫,F922,藍,F923,襤,F924,拉,F925,臘,F926,蠟,F927,廊,F928,朗,F929,浪,F92A,狼,F92B,郎,F92C,來,F92D,冷,F92E,勞,F92F
擄,F930,櫓,F931,爐,F932,盧,F933,老,F934,蘆,F935,虜,F936,路,F937,露,F938,魯,F939,鷺,F93A,碌,F93B,祿,F93C,綠,F93D,菉,F93E,錄,F93F
鹿,F940,論,F941,壟,F942,弄,F943,籠,F944,聾,F945,牢,F946,磊,F947,賂,F948,雷,F949,壘,F94A,屢,F94B,樓,F94C,淚,F94D,漏,F94E,累,F94F
縷,F950,陋,F951,勒,F952,肋,F953,凜,F954,凌,F955,稜,F956,綾,F957,菱,F958,陵,F959,讀,F95A,拏,F95B,樂,F95C,諾,F95D,丹,F95E,寧,F95F
怒,F960,率,F961,異,F962,北,F963,磻,F964,便,F965,復,F966,不,F967,泌,F968,數,F969,索,F96A,參,F96B,塞,F96C,省,F96D,葉,F96E,說,F96F
殺,F970,辰,F971,沈,F972,拾,F973,若,F974,掠,F975,略,F976,亮,F977,兩,F978,凉,F979,梁,F97A,糧,F97B,良,F97C,諒,F97D,量,F97E,勵,F97F
呂,F980,女,F981,廬,F982,旅,F983,濾,F984,礪,F985,閭,F986,驪,F987,麗,F988,黎,F989,力,F98A,曆,F98B,歷,F98C,轢,F98D,年,F98E,憐,F98F
戀,F990,撚,F991,漣,F992,煉,F993,璉,F994,秊,F995,練,F996,聯,F997,輦,F998,蓮,F999,連,F99A,鍊,F99B,列,F99C,劣,F99D,咽,F99E,烈,F99F
裂,F9A0,說,F9A1,廉,F9A2,念,F9A3,捻,F9A4,殮,F9A5,簾,F9A6,獵,F9A7,令,F9A8,囹,F9A9,寧,F9AA,嶺,F9AB,怜,F9AC,玲,F9AD,瑩,F9AE,羚,F9AF
聆,F9B0,鈴,F9B1,零,F9B2,靈,F9B3,領,F9B4,例,F9B5,禮,F9B6,醴,F9B7,隸,F9B8,惡,F9B9,了,F9BA,僚,F9BB,寮,F9BC,尿,F9BD,料,F9BE,樂,F9BF
燎,F9C0,療,F9C1,蓼,F9C2,遼,F9C3,龍,F9C4,暈,F9C5,阮,F9C6,劉,F9C7,杻,F9C8,柳,F9C9,流,F9CA,溜,F9CB,琉,F9CC,留,F9CD,硫,F9CE,紐,F9CF
類,F9D0,六,F9D1,戮,F9D2,陸,F9D3,倫,F9D4,崙,F9D5,淪,F9D6,輪,F9D7,律,F9D8,慄,F9D9,栗,F9DA,率,F9DB,隆,F9DC,利,F9DD,吏,F9DE,履,F9DF
易,F9E0,李,F9E1,梨,F9E2,泥,F9E3,理,F9E4,痢,F9E5,罹,F9E6,裏,F9E7,裡,F9E8,里,F9E9,離,F9EA,匿,F9EB,溺,F9EC,吝,F9ED,燐,F9EE,璘,F9EF
藺,F9F0,隣,F9F1,鱗,F9F2,麟,F9F3,林,F9F4,淋,F9F5,臨,F9F6,立,F9F7,笠,F9F8,粒,F9F9,狀,F9FA,炙,F9FB,識,F9FC,什,F9FD,茶,F9FE,刺,F9FF
切,FA00,度,FA01,拓,FA02,糖,FA03,宅,FA04,洞,FA05,暴,FA06,輻,FA07,行,FA08,降,FA09,見,FA0A,廓,FA0B,兀,FA0C,嗀,FA0D,﨎,FA0E,﨏,FA0F
塚,FA10,﨑,FA11,晴,FA12,﨓,FA13,﨔,FA14,凞,FA15,猪,FA16,益,FA17,礼,FA18,神,FA19,祥,FA1A,福,FA1B,靖,FA1C,精,FA1D,羽,FA1E,﨟,FA1F
蘒,FA20,﨡,FA21,諸,FA22,﨣,FA23,﨤,FA24,逸,FA25,都,FA26,﨧,FA27,﨨,FA28,﨩,FA29,飯,FA2A,飼,FA2B,館,FA2C,鶴,FA2D,郞,FA2E,隷,FA2F
侮,FA30,僧,FA31,免,FA32,勉,FA33,勤,FA34,卑,FA35,喝,FA36,嘆,FA37,器,FA38,塀,FA39,墨,FA3A,層,FA3B,屮,FA3C,悔,FA3D,慨,FA3E,憎,FA3F
懲,FA40,敏,FA41,既,FA42,暑,FA43,梅,FA44,海,FA45,渚,FA46,漢,FA47,煮,FA48,爫,FA49,琢,FA4A,碑,FA4B,社,FA4C,祉,FA4D,祈,FA4E,祐,FA4F
祖,FA50,祝,FA51,禍,FA52,禎,FA53,穀,FA54,突,FA55,節,FA56,練,FA57,縉,FA58,繁,FA59,署,FA5A,者,FA5B,臭,FA5C,艹,FA5D,艹,FA5E,著,FA5F
褐,FA60,視,FA61,謁,FA62,謹,FA63,賓,FA64,贈,FA65,辶,FA66,逸,FA67,難,FA68,響,FA69,頻,FA6A,恵,FA6B,𤋮,FA6C,舘,FA6D,﩮,FA6E,﩯,FA6F
並,FA70,况,FA71,全,FA72,侀,FA73,充,FA74,冀,FA75,勇,FA76,勺,FA77,喝,FA78,啕,FA79,喙,FA7A,嗢,FA7B,塚,FA7C,墳,FA7D,奄,FA7E,奔,FA7F
婢,FA80,嬨,FA81,廒,FA82,廙,FA83,彩,FA84,徭,FA85,惘,FA86,慎,FA87,愈,FA88,憎,FA89,慠,FA8A,懲,FA8B,戴,FA8C,揄,FA8D,搜,FA8E,摒,FA8F
敖,FA90,晴,FA91,朗,FA92,望,FA93,杖,FA94,歹,FA95,殺,FA96,流,FA97,滛,FA98,滋,FA99,漢,FA9A,瀞,FA9B,煮,FA9C,瞧,FA9D,爵,FA9E,犯,FA9F
猪,FAA0,瑱,FAA1,甆,FAA2,画,FAA3,瘝,FAA4,瘟,FAA5,益,FAA6,盛,FAA7,直,FAA8,睊,FAA9,着,FAAA,磌,FAAB,窱,FAAC,節,FAAD,类,FAAE,絛,FAAF
練,FAB0,缾,FAB1,者,FAB2,荒,FAB3,華,FAB4,蝹,FAB5,襁,FAB6,覆,FAB7,視,FAB8,調,FAB9,諸,FABA,請,FABB,謁,FABC,諾,FABD,諭,FABE,謹,FABF
變,FAC0,贈,FAC1,輸,FAC2,遲,FAC3,醙,FAC4,鉶,FAC5,陼,FAC6,難,FAC7,靖,FAC8,韛,FAC9,響,FACA,頋,FACB,頻,FACC,鬒,FACD,龜,FACE,𢡊,FACF
𢡄,FAD0,𣏕,FAD1,㮝,FAD2,䀘,FAD3,䀹,FAD4,𥉉,FAD5,𥳐,FAD6,𧻓,FAD7,齃,FAD8,龎,FAD9,﫚,FADA,﫛,FADB,﫜,FADC,﫝,FADD,﫞,FADE,﫟,FADF
﫠,FAE0,﫡,FAE1,﫢,FAE2,﫣,FAE3,﫤,FAE4,﫥,FAE5,﫦,FAE6,﫧,FAE7,﫨,FAE8,﫩,FAE9,﫪,FAEA,﫫,FAEB,﫬,FAEC,﫭,FAED,﫮,FAEE,﫯,FAEF
﫰,FAF0,﫱,FAF1,﫲,FAF2,﫳,FAF3,﫴,FAF4,﫵,FAF5,﫶,FAF6,﫷,FAF7,﫸,FAF8,﫹,FAF9,﫺,FAFA,﫻,FAFB,﫼,FAFC,﫽,FAFD,﫾,FAFE,﫿,FAFF
ﬀ,FB00,ﬁ,FB01,ﬂ,FB02,ﬃ,FB03,ﬄ,FB04,ﬅ,FB05,ﬆ,FB06,﬇,FB07,﬈,FB08,﬉,FB09,﬊,FB0A,﬋,FB0B,﬌,FB0C,﬍,FB0D,﬎,FB0E,﬏,FB0F
﬐,FB10,﬑,FB11,﬒,FB12,ﬓ,FB13,ﬔ,FB14,ﬕ,FB15,ﬖ,FB16,ﬗ,FB17,﬘,FB18,﬙,FB19,﬚,FB1A,﬛,FB1B,﬜,FB1C,יִ,FB1D,ﬞ,FB1E,ײַ,FB1F
ﬠ,FB20,ﬡ,FB21,ﬢ,FB22,ﬣ,FB23,ﬤ,FB24,ﬥ,FB25,ﬦ,FB26,ﬧ,FB27,ﬨ,FB28,﬩,FB29,שׁ,FB2A,שׂ,FB2B,שּׁ,FB2C,שּׂ,FB2D,אַ,FB2E,אָ,FB2F
אּ,FB30,בּ,FB31,גּ,FB32,דּ,FB33,הּ,FB34,וּ,FB35,זּ,FB36,﬷,FB37,טּ,FB38,יּ,FB39,ךּ,FB3A,כּ,FB3B,לּ,FB3C,﬽,FB3D,מּ,FB3E,﬿,FB3F
נּ,FB40,סּ,FB41,﭂,FB42,ףּ,FB43,פּ,FB44,﭅,FB45,צּ,FB46,קּ,FB47,רּ,FB48,שּ,FB49,תּ,FB4A,וֹ,FB4B,בֿ,FB4C,כֿ,FB4D,פֿ,FB4E,ﭏ,FB4F
ﭐ,FB50,ﭑ,FB51,ﭒ,FB52,ﭓ,FB53,ﭔ,FB54,ﭕ,FB55,ﭖ,FB56,ﭗ,FB57,ﭘ,FB58,ﭙ,FB59,ﭚ,FB5A,ﭛ,FB5B,ﭜ,FB5C,ﭝ,FB5D,ﭞ,FB5E,ﭟ,FB5F
ﭠ,FB60,ﭡ,FB61,ﭢ,FB62,ﭣ,FB63,ﭤ,FB64,ﭥ,FB65,ﭦ,FB66,ﭧ,FB67,ﭨ,FB68,ﭩ,FB69,ﭪ,FB6A,ﭫ,FB6B,ﭬ,FB6C,ﭭ,FB6D,ﭮ,FB6E,ﭯ,FB6F
ﭰ,FB70,ﭱ,FB71,ﭲ,FB72,ﭳ,FB73,ﭴ,FB74,ﭵ,FB75,ﭶ,FB76,ﭷ,FB77,ﭸ,FB78,ﭹ,FB79,ﭺ,FB7A,ﭻ,FB7B,ﭼ,FB7C,ﭽ,FB7D,ﭾ,FB7E,ﭿ,FB7F
ﮀ,FB80,ﮁ,FB81,ﮂ,FB82,ﮃ,FB83,ﮄ,FB84,ﮅ,FB85,ﮆ,FB86,ﮇ,FB87,ﮈ,FB88,ﮉ,FB89,ﮊ,FB8A,ﮋ,FB8B,ﮌ,FB8C,ﮍ,FB8D,ﮎ,FB8E,ﮏ,FB8F
ﮐ,FB90,ﮑ,FB91,ﮒ,FB92,ﮓ,FB93,ﮔ,FB94,ﮕ,FB95,ﮖ,FB96,ﮗ,FB97,ﮘ,FB98,ﮙ,FB99,ﮚ,FB9A,ﮛ,FB9B,ﮜ,FB9C,ﮝ,FB9D,ﮞ,FB9E,ﮟ,FB9F
ﮠ,FBA0,ﮡ,FBA1,ﮢ,FBA2,ﮣ,FBA3,ﮤ,FBA4,ﮥ,FBA5,ﮦ,FBA6,ﮧ,FBA7,ﮨ,FBA8,ﮩ,FBA9,ﮪ,FBAA,ﮫ,FBAB,ﮬ,FBAC,ﮭ,FBAD,ﮮ,FBAE,ﮯ,FBAF
ﮰ,FBB0,ﮱ,FBB1,﮲,FBB2,﮳,FBB3,﮴,FBB4,﮵,FBB5,﮶,FBB6,﮷,FBB7,﮸,FBB8,﮹,FBB9,﮺,FBBA,﮻,FBBB,﮼,FBBC,﮽,FBBD,﮾,FBBE,﮿,FBBF
﯀,FBC0,﯁,FBC1,﯂,FBC2,﯃,FBC3,﯄,FBC4,﯅,FBC5,﯆,FBC6,﯇,FBC7,﯈,FBC8,﯉,FBC9,﯊,FBCA,﯋,FBCB,﯌,FBCC,﯍,FBCD,﯎,FBCE,﯏,FBCF
﯐,FBD0,﯑,FBD1,﯒,FBD2,ﯓ,FBD3,ﯔ,FBD4,ﯕ,FBD5,ﯖ,FBD6,ﯗ,FBD7,ﯘ,FBD8,ﯙ,FBD9,ﯚ,FBDA,ﯛ,FBDB,ﯜ,FBDC,ﯝ,FBDD,ﯞ,FBDE,ﯟ,FBDF
ﯠ,FBE0,ﯡ,FBE1,ﯢ,FBE2,ﯣ,FBE3,ﯤ,FBE4,ﯥ,FBE5,ﯦ,FBE6,ﯧ,FBE7,ﯨ,FBE8,ﯩ,FBE9,ﯪ,FBEA,ﯫ,FBEB,ﯬ,FBEC,ﯭ,FBED,ﯮ,FBEE,ﯯ,FBEF
ﯰ,FBF0,ﯱ,FBF1,ﯲ,FBF2,ﯳ,FBF3,ﯴ,FBF4,ﯵ,FBF5,ﯶ,FBF6,ﯷ,FBF7,ﯸ,FBF8,ﯹ,FBF9,ﯺ,FBFA,ﯻ,FBFB,ﯼ,FBFC,ﯽ,FBFD,ﯾ,FBFE,ﯿ,FBFF
ﰀ,FC00,ﰁ,FC01,ﰂ,FC02,ﰃ,FC03,ﰄ,FC04,ﰅ,FC05,ﰆ,FC06,ﰇ,FC07,ﰈ,FC08,ﰉ,FC09,ﰊ,FC0A,ﰋ,FC0B,ﰌ,FC0C,ﰍ,FC0D,ﰎ,FC0E,ﰏ,FC0F
ﰐ,FC10,ﰑ,FC11,ﰒ,FC12,ﰓ,FC13,ﰔ,FC14,ﰕ,FC15,ﰖ,FC16,ﰗ,FC17,ﰘ,FC18,ﰙ,FC19,ﰚ,FC1A,ﰛ,FC1B,ﰜ,FC1C,ﰝ,FC1D,ﰞ,FC1E,ﰟ,FC1F
ﰠ,FC20,ﰡ,FC21,ﰢ,FC22,ﰣ,FC23,ﰤ,FC24,ﰥ,FC25,ﰦ,FC26,ﰧ,FC27,ﰨ,FC28,ﰩ,FC29,ﰪ,FC2A,ﰫ,FC2B,ﰬ,FC2C,ﰭ,FC2D,ﰮ,FC2E,ﰯ,FC2F
ﰰ,FC30,ﰱ,FC31,ﰲ,FC32,ﰳ,FC33,ﰴ,FC34,ﰵ,FC35,ﰶ,FC36,ﰷ,FC37,ﰸ,FC38,ﰹ,FC39,ﰺ,FC3A,ﰻ,FC3B,ﰼ,FC3C,ﰽ,FC3D,ﰾ,FC3E,ﰿ,FC3F
ﱀ,FC40,ﱁ,FC41,ﱂ,FC42,ﱃ,FC43,ﱄ,FC44,ﱅ,FC45,ﱆ,FC46,ﱇ,FC47,ﱈ,FC48,ﱉ,FC49,ﱊ,FC4A,ﱋ,FC4B,ﱌ,FC4C,ﱍ,FC4D,ﱎ,FC4E,ﱏ,FC4F
ﱐ,FC50,ﱑ,FC51,ﱒ,FC52,ﱓ,FC53,ﱔ,FC54,ﱕ,FC55,ﱖ,FC56,ﱗ,FC57,ﱘ,FC58,ﱙ,FC59,ﱚ,FC5A,ﱛ,FC5B,ﱜ,FC5C,ﱝ,FC5D,ﱞ,FC5E,ﱟ,FC5F
ﱠ,FC60,ﱡ,FC61,ﱢ,FC62,ﱣ,FC63,ﱤ,FC64,ﱥ,FC65,ﱦ,FC66,ﱧ,FC67,ﱨ,FC68,ﱩ,FC69,ﱪ,FC6A,ﱫ,FC6B,ﱬ,FC6C,ﱭ,FC6D,ﱮ,FC6E,ﱯ,FC6F
ﱰ,FC70,ﱱ,FC71,ﱲ,FC72,ﱳ,FC73,ﱴ,FC74,ﱵ,FC75,ﱶ,FC76,ﱷ,FC77,ﱸ,FC78,ﱹ,FC79,ﱺ,FC7A,ﱻ,FC7B,ﱼ,FC7C,ﱽ,FC7D,ﱾ,FC7E,ﱿ,FC7F
ﲀ,FC80,ﲁ,FC81,ﲂ,FC82,ﲃ,FC83,ﲄ,FC84,ﲅ,FC85,ﲆ,FC86,ﲇ,FC87,ﲈ,FC88,ﲉ,FC89,ﲊ,FC8A,ﲋ,FC8B,ﲌ,FC8C,ﲍ,FC8D,ﲎ,FC8E,ﲏ,FC8F
ﲐ,FC90,ﲑ,FC91,ﲒ,FC92,ﲓ,FC93,ﲔ,FC94,ﲕ,FC95,ﲖ,FC96,ﲗ,FC97,ﲘ,FC98,ﲙ,FC99,ﲚ,FC9A,ﲛ,FC9B,ﲜ,FC9C,ﲝ,FC9D,ﲞ,FC9E,ﲟ,FC9F
ﲠ,FCA0,ﲡ,FCA1,ﲢ,FCA2,ﲣ,FCA3,ﲤ,FCA4,ﲥ,FCA5,ﲦ,FCA6,ﲧ,FCA7,ﲨ,FCA8,ﲩ,FCA9,ﲪ,FCAA,ﲫ,FCAB,ﲬ,FCAC,ﲭ,FCAD,ﲮ,FCAE,ﲯ,FCAF
ﲰ,FCB0,ﲱ,FCB1,ﲲ,FCB2,ﲳ,FCB3,ﲴ,FCB4,ﲵ,FCB5,ﲶ,FCB6,ﲷ,FCB7,ﲸ,FCB8,ﲹ,FCB9,ﲺ,FCBA,ﲻ,FCBB,ﲼ,FCBC,ﲽ,FCBD,ﲾ,FCBE,ﲿ,FCBF
ﳀ,FCC0,ﳁ,FCC1,ﳂ,FCC2,ﳃ,FCC3,ﳄ,FCC4,ﳅ,FCC5,ﳆ,FCC6,ﳇ,FCC7,ﳈ,FCC8,ﳉ,FCC9,ﳊ,FCCA,ﳋ,FCCB,ﳌ,FCCC,ﳍ,FCCD,ﳎ,FCCE,ﳏ,FCCF
ﳐ,FCD0,ﳑ,FCD1,ﳒ,FCD2,ﳓ,FCD3,ﳔ,FCD4,ﳕ,FCD5,ﳖ,FCD6,ﳗ,FCD7,ﳘ,FCD8,ﳙ,FCD9,ﳚ,FCDA,ﳛ,FCDB,ﳜ,FCDC,ﳝ,FCDD,ﳞ,FCDE,ﳟ,FCDF
ﳠ,FCE0,ﳡ,FCE1,ﳢ,FCE2,ﳣ,FCE3,ﳤ,FCE4,ﳥ,FCE5,ﳦ,FCE6,ﳧ,FCE7,ﳨ,FCE8,ﳩ,FCE9,ﳪ,FCEA,ﳫ,FCEB,ﳬ,FCEC,ﳭ,FCED,ﳮ,FCEE,ﳯ,FCEF
ﳰ,FCF0,ﳱ,FCF1,ﳲ,FCF2,ﳳ,FCF3,ﳴ,FCF4,ﳵ,FCF5,ﳶ,FCF6,ﳷ,FCF7,ﳸ,FCF8,ﳹ,FCF9,ﳺ,FCFA,ﳻ,FCFB,ﳼ,FCFC,ﳽ,FCFD,ﳾ,FCFE,ﳿ,FCFF
ﴀ,FD00,ﴁ,FD01,ﴂ,FD02,ﴃ,FD03,ﴄ,FD04,ﴅ,FD05,ﴆ,FD06,ﴇ,FD07,ﴈ,FD08,ﴉ,FD09,ﴊ,FD0A,ﴋ,FD0B,ﴌ,FD0C,ﴍ,FD0D,ﴎ,FD0E,ﴏ,FD0F
ﴐ,FD10,ﴑ,FD11,ﴒ,FD12,ﴓ,FD13,ﴔ,FD14,ﴕ,FD15,ﴖ,FD16,ﴗ,FD17,ﴘ,FD18,ﴙ,FD19,ﴚ,FD1A,ﴛ,FD1B,ﴜ,FD1C,ﴝ,FD1D,ﴞ,FD1E,ﴟ,FD1F
ﴠ,FD20,ﴡ,FD21,ﴢ,FD22,ﴣ,FD23,ﴤ,FD24,ﴥ,FD25,ﴦ,FD26,ﴧ,FD27,ﴨ,FD28,ﴩ,FD29,ﴪ,FD2A,ﴫ,FD2B,ﴬ,FD2C,ﴭ,FD2D,ﴮ,FD2E,ﴯ,FD2F
ﴰ,FD30,ﴱ,FD31,ﴲ,FD32,ﴳ,FD33,ﴴ,FD34,ﴵ,FD35,ﴶ,FD36,ﴷ,FD37,ﴸ,FD38,ﴹ,FD39,ﴺ,FD3A,ﴻ,FD3B,ﴼ,FD3C,ﴽ,FD3D,﴾,FD3E,﴿,FD3F
﵀,FD40,﵁,FD41,﵂,FD42,﵃,FD43,﵄,FD44,﵅,FD45,﵆,FD46,﵇,FD47,﵈,FD48,﵉,FD49,﵊,FD4A,﵋,FD4B,﵌,FD4C,﵍,FD4D,﵎,FD4E,﵏,FD4F
